deed,cronow,rosevear
paralysis,respiratory,distress
resi,duos,lidos
scraps,yard,trimmings
simons,hills,carey
thermodynamik,elektrolytlo,sungen
xfines_quicklime,xfines_ash_,fines_zeobloc
lacagradng,lbcbgradng,lcccgradng
catherine,fischer,christian
cronow,rosevear,guidance
fischer,christian,maurice
hydro,geologically,isolated
massachusetts,california,oregon
lgradng,lacagradng,lbcbgradng
olfactory,paralysis,respiratory
surrounded,thick,styrofoam
thick,styrofoam,plates
degli,studi,firenze
dipartimento,energetica,sergio
energetica,sergio,stecco
nggradpgr,aagwag,abgwbg
alfred,kastler,nantes
boca,raton,florida
kastler,nantes,cedex
turner,fairbank,highway
studi,firenze,florence
dizziness,olfactory,paralysis
landfillroad,constr,vehicles
semarnat,mexican,official
gabarrell,villalba,talens
aagwag,abgwbg,acgwcg
tommaso,olivieri,lidia
margherita,pula,cagliari
cubic,alpha,beta
lbngcbi,lcngcci,lngi
john,wiley,sons
geologically,isolated,surroundings
jtbaker,msds,englishhtml
rasi,veijanen,rintala
recommended,store,moistened
langcai,lbngcbi,lcngcci
preferential,paths,travel
sergio,stecco,universita
starr,gabarrell,villalba
stecco,universita,degli
universita,degli,studi
faculty,architecture,civil
mineral,commodity,summaries
ecole,mines,nantes
lidia,lombardi,alessandro
