corrosive,aggressive,hazardous
encres,colles,resines
hivernale,episode,climatique
needs,stored,reused
rechauffe,rehydrate,traversant
stored,reused,after
episode,climatique,provoque
aggressive,hazardous,environment
avenue,collongue,ecully
unit,developed,operated
officiel,communautes,europeennes
seaux,fermes,hermetiquement
servir,chauffer,logements
stocke,seaux,fermes
collaborative,teleformation,teleactivite
poncet,bressat,otterbein
commerces,industries,administrations
journal,officiel,communautes
moderne,reparti,casiers
metres,tuyauterie,souple
peinture,encres,colles
reused,after,treatment
reparti,casiers,etancheifies
sommaires_textes,sommaire_thematique,index
decision,commission,europeene
parue,joce,janvier
economiser,combustibles,traditionnels
chauffer,logements,produire
which,needs,stored
ineris,sommaires_textes,sommaire_thematique
interaction,collaborative,teleformation
olivier,poncet,bressat
programmation,pluriannuelle,investissements
vingtaine,metres,tuyauterie
asseche,progressivement,entraine
collongue,ecully,cedex
confortement,carrieres,souterraines
filiale,groupe,sita
jean,pierre,flandrois
aannaallyysseess,eeffffeeccttuueeeess,ssuurr
experts,evaluation,equivalence
aida,ineris,sommaires_textes
mineralise,stabilise,majeure
possibles,annales,voirie
conserve,totalement,integrite
totalement,obturees,glace
pourri,caracteristique,emise
tissu,tisse,bidim
association,francaise,normalisation
bilans,massiques,captation
