abatzoglou,boivin
alfred,kastler
armin,hofer
batool,chuadhry
boca,raton
christian,maurice
commodity,summaries
cronow,rosevear
deed,cronow
duos,lidos
elektrolytlo,sungen
fernandez,delgado
geologically,isolated
griffiths,krstulovich
gutierrez,ortiz
henrik,kusar
hills,carey
hochschule,rapperswil
influx,vector
johnson,furrer
kotecha,diwekar
landfillroad,constr
magnesio,hornblenda
ordered_for,benoit
paralysis,respiratory
perforated,holes
persson,wellinger
propeller,flowmeter
rashidi,yusup
renatus,widmann
respiratory,distress
resi,duos
rights,reserved
savery,cruzon
scherm,savelle
scraps,yard
sevimoglu,tansel
siedlungswasser,abfallwirtschaft
simons,hills
suez,environnement
surrounded,thick
tempera,tures
thermodynamik,elektrolytlo
turner,fairbank
univer,sity
visual,inspection
wdowin,franus
xfines_ash_,fines_zeobloc
xfines_quicklime,xfines_ash_
yard,trimmings
