aggressive,hazardous
annales,voirie
back,flush
cambier,mench
cancopy,copibec
carbon,dioxide
chauffer,logements
clermont,ferrand
climatique,provoque
colles,resines
collongue,ecully
conserve,congelateur
corrosive,aggressive
correle,precedents
couleur,grise
developed,operated
encres,colles
fermes,hermetiquement
fiches,thematiques
focuses,reusing
full,scale
geologiques,minieres
hivernale,episode
hydrogen,sulfide
intervalles,reguliers
jacques,joseph
languedoc,roussillon
mcgraw,hill
moderne,reparti
muqueuses,yeux
nappe,phreatique
needs,stored
obturees,glace
officiel,communautes
ordered_for,benoit
parue,joce
peter,lang
pneus,broyes
pphhyyssiiccoo,cchhiimmiiqquueess
penetration,reactif
reused,after
rechauffe,rehydrate
rehydrate,traversant
sienko,plane
stored,reused
tenter,desorber
tuyauterie,souple
episode,climatique
etablit,prescriptions
aannaallyysseess,eeffffeeccttuueeeess
