packing,material,used
different,packing,material
suitable,packing,material
packing,material,composed
properties,packing,material
packing,material,biofiltration
packing,material,humidity
organic,packing,material
packing,material,different
filled,packing,material
biofilter,packing,material
influence,packing,material
humidity,packing,material
packing,material,selection
material,packing,material
foam,packing,material
employed,packing,material
packing,material,consisting
packing,material,porosity
volume,packing,material
characteristics,packing,material
colonization,packing,material
porosity,packing,material
support,packing,material
paid,packing,material
selection,packing,material
packing,material,mite
packing,material,unpacked
packing,material,reached
fibrils,packing,material
evaluation,packing,material
drop,packing,material
bark,packing,material
packing,material,peat
passed,packing,material
packing,material,shown
surface,packing,material
packing,material,according
packing,material,selected
dependences,packing,material
tent,packing,material
packing,material,inoculated
weight,packing,material
packing,material,packing
packing,material,colonization
content,packing,material
drawbacks,packing,material
packing,material,soaked
packing,material,resulted
packing,material,density
