aerogen,typhimurium
aeruginosa,aerogen
alfa,aesar
ann,carey
appro,priat
archaebacteria,eukaryot
asmr,lexington
atemax,ouest
bill,melinda
bredin,broussau
brenton,buziak
brmfob,uuuu
buford,circl
campo,chernicharo
chabot,martschuk
chamaz,ultrasound
chanton,powelson
chara,erist
chauhan,ogram
cienti,fico
claytor,schueler
clement,samson
coalesc,neighbour
consor,tium
contro,mission
cord,ruwisch
cour,cett
curr,opin
cdcothout,cdcothin
daoud,karamanev
daryl,letto
dege,lipscomb
duit,effet
eitner,gethk
enl,vement
entenzari,ghow
equili,brium
escher,ichia
eubacteria,archaebacteria
experimetn,freunlich
eye,nose
fico,cnic
fleiger,escoriaza
foglar,bri
froland,dege
gerrit,voordouw
ghow,chamaz
goncalv,govind
hahn,hagerd
han,leeuwen
