aeruginosa,aerogen,typhimurium
chanton,powelson,fleiger
cienti,fico,cnic
entenzari,ghow,chamaz
eubacteria,archaebacteria,eukaryot
froland,dege,lipscomb
ghow,chamaz,ultrasound
hofvendahl,hahn,hagerd
inhibait,enl,vement
nelson,thayumanavan,williamson
peff,peffsm,mbed
powelson,fleiger,escoriaza
ribulos,monopho,phate
shade,interp,colormap
supe,rieur,niveau
xarxa,referencia,biotecnologia
cett,tude,aussi
cour,cett,tude
duit,effet,ell
erba,strumen,tazion
fleiger,escoriaza,stern
kuyucak,chabot,martschuk
label,eubacteria,archaebacteria
abich,chanton,powelson
acta,scientia,circumstantia
azab,mechichi,sayadi
azizian,nelson,thayumanavan
bill,melinda,gate
coulement,ascend,garni
janni,maier,kuehn
reclam,asmr,lexington
scientia,circumstantia,hilger
servei,cienti,fico
shih,sung,han
sung,han,leeuwen
arreguy,rio,aranguiz
marzal,penya,roja
degrang,lensi,godon
dysenteria,pnuemonia,subtili
martikainen,olkkonen,ruuskanen
ministerio,educacion,ciencia
pandit,biswa,brenner
pnuemonia,subtili,aureu
rio,aranguiz,pena
shama,sehar,abdul
spectrometri,perkin,elmer
subtili,aureu,luteu
buford,circl,paul
monooxygenas,methylosinu,trichosporium
precondit,ultrason,vibrat
