fprintf;outfile
kunii;levenspiel
aged;refuse
bone;char
poultry;manure
http;tandfonline
sanitary;sewer
plastic;ball
kennes;thalasso
particulate;region
sewer;overflow
scanning;electron
appl;microbiol
oyster;shell
biotechnology;bioengineering
peanut;shell
desulfovibrio;desulfuricans
coconut;fiber
coconut;fibre
orifice;plate
oxygen;demand
empty;residence
public;health
linear;regression
mine;drainage
microbiol;biotechnol
breakthrough;curve
heavy;metal
management;association
pine;leaf
landfill;leachate
steady;state
pwcr;pufr
volumetric;productivity
pine;bark
calibration;curve
polyurethane;foam
standard;deviation
acid;mine
relative;humidity
date;hour
poplar;wood
bench;scale
sampling;port
bioresource;technology
wood;chip
technol;biotechnol
pilot;scale
chem;technol
bulk;density
glass;sphere
long;term
zero;order
glass;bead
minimum;fluidization
natural;zeolite
mass;transfer
superficial;velocity
shock;load
holding;capacity
transfer;coefficient
pressure;drop
sulfate;reducing
hydraulic;retention
biological;aerated
column;date
binary;mixture
immobilization;potential
research;press
nitrifying;bacteria
sulphate;reducing
reactive;mixture
surface;area
drop;across
elimination;capacity
pollution;control
hydrogen;sulfide
partial;pressure
biotrickling;filter
sewage;sludge
published;research
leaf;compost
sulphate;reduction
size;distribution
residence;time
reducing;bacteria
activated;carbon
short;term
nitrogen;phosphorus
physical;chemical
sphagnum;peat
mass;balance
chip;bark
moisture;content
result;discussion
aerated;filter
waste;management
present;work
full;scale
plug;flow
regression;model
sulfate;reduction
organic;matter
time;course
moist;sawdust
granular;sludge
domestic;wastewater
activated;sludge
carbon;source
peat;heather
specific;surface
slaughterhouse;wastewater
science;technology
environmental;science
order;kinetics
fluidization;behaviour
microbial;community
trickling;filter
environmental;engineering
first;order
waste;gas
dissolved;sulfide
three;stage
prey;total
theta;total
retention;time
peat;granule
inlet;outlet
water;holding
nutrient;solution
storm;water
volatile;organic
significant;difference
hour;influent
hydraulic;loading
operating;condition
chemical;engineering
maximum;elimination
liquid;feed
influent;effluent
fluidized;bed
municipal;wastewater
pore;size
sawdust;glass
suspended;biomass
journal;environmental
standard;method
fixed;medium
feed;rate
table;summary
experimental;period
bioremediation;experiment
adsorption;capacity
felt;sand
inlet;load
particle;size
felt;data
percent;removal
journal;waste
fluidization;velocity
removal;efficiency
treatment;plant
organic;compound
microbial;growth
packing;material
loading;rate
packed;polyurethane
total;dissolved
sand;bioreactors
experimental;data
batch;reactor
sawdust;sphere
sawdust;moisture
stage;biofilter
flow;rate
figure;variation
solid;fluidized
present;study
fluidized;bioreactor
sulfide;product
result;showed
sphere;sawdust
carrier;material
figure;show
liquid;phase
liquid;biofilm
microbial;cell
sgbr;system
shown;figure
felt;peat
measured;using
organic;carbon
shown;table
organic;loading
performance;biotrickling
volumetric;rate
organic;inorganic
wastewater;treatment
ethanol;loading
day;operation
