anaerobic,digestion
nutrient,recovery
resource,recovery
wastewater,treatment
acid,digest
organic,acid
reaction,tank
full,scale
digestates,anaerobic
enabling,future
future,advancing
treatment,digestates
carbon,dioxide
advancing,resource
cross,section
solid,liquid
enhancement,treatment
digested,sludge
sewage,sludge
liquid,separation
calcined,calcite
digestate,processing
claim,wherein
forward,osmosis
land,application
organic,matter
reverse,osmosis
reactor,tank
according,claim
environ,technol
method,according
data,available
knowledge,september
state,knowledge
struvite,precipitation
fuchs,drosg
carbon,footprint
liquid,fraction
recycling,path
alexandria,virginia
extractive,nutrient
ease,commissioning
commissioning,capex
flow,distributor
resistance,abrasives
treatment,system
activated,sludge
stage,development
suppliers,reference
water,environment
