digestates,anaerobic,digestion
anaerobic,digestion,process
anaerobic,digestion,operating
phased,anaerobic,digestion
remainder,anaerobic,digestion
phase,anaerobic,digestion
mesophilic,anaerobic,digestion
anaerobic,digestion,biogas
anaerobic,digestion,processes
feedstock,anaerobic,digestion
anaerobic,digestion,facilities
centrate,anaerobic,digestion
compliant,anaerobic,digestion
anaerobic,digestion,enhanced
anaerobic,digestion,plants
anaerobic,digestion,biorefining
integrating,anaerobic,digestion
anaerobic,digestion,manufacture
anaerobic,digestion,organisation
bioconversion,anaerobic,digestion
intensified,anaerobic,digestion
multistage,anaerobic,digestion
using,anaerobic,digestion
anaerobic,digestion,appendix
assessment,anaerobic,digestion
produced,anaerobic,digestion
supernatants,anaerobic,digestion
aerobic,anaerobic,digestion
employs,anaerobic,digestion
production,anaerobic,digestion
anaerobic,digestion,feedstock
fitec,anaerobic,digestion
biogas,anaerobic,digestion
anaerobic,digestion,thermal
digestate,anaerobic,digestion
wrrfs,anaerobic,digestion
generated,anaerobic,digestion
anaerobic,digestion,system
anaerobic,digestion,beneficially
anaerobic,digestion,produce
anaerobic,digestion,thereby
involved,anaerobic,digestion
ltrate,anaerobic,digestion
anaerobic,digestion,quality
anaerobic,digestion,variety
anaerobic,digestion,operations
anaerobic,digestion,digestate
anaerobic,digestion,effluent
anaerobic,digestion,european
anaerobic,digestion,combination
