anaerobic;digestion;organic;chemical;system;concentration;use;available;potential;systems;research;performance
nutrient;recovery;technology;management;new;technologies;facilities;world;wastewater;water;sustainable;plant
resource;recovery;management;technologies;new;water;systems;environmental;sustainable;world;technology;system
wastewater;treatment;energy;plants;sewage;nutrients;cost;process;sludge;technologies;water;facilities
organic;acid;chemical;years;research;use;time;system;performance;systems;water;growth
reaction;tank;courses;form;part;carbon;program;use;day;years;development;information
full;scale;project;development;system;day;global;market;time;years;information;first
carbon;dioxide;organic;time;form;concentration;gas;use;chemical;development;manure;research
solid;liquid;chemical;organic;system;sludge;production;potential;sewage;solution;water;process
sewage;sludge;wastewater;chemical;biological;cost;nutrients;energy;process;organic;removal;systems
liquid;separation;chemical;organic;production;use;concentration;system;years;available;time;potential
digestate;processing;Environmental;information;analysis;research;development;solutions;environment;project;technologies;performance
forward;osmosis;membrane;FO;systems;use;development;research;information;water;chemical;concentration
land;application;management;development;environmental;technologies;information;water;growth;environment;use;systems
organic;matter;chemical;current;performance;carbon;research;concentration;time;water;system;years
reactor;tank;form;day;information;part;biosolids;University;program;global;data;Environmental
data;available;years;information;research;performance;system;use;organic;development;environment;market
state;knowledge;data;solutions;management;systems;unique;research;development;agricultural;source;chemical
struvite;precipitation;system;chemical;addition;potential;phosphate;form;production;organic;MNRC;concentration
carbon;footprint;system;algae;chemicals;chemical;solutions;part;costs;gas;water;organic
liquid;fraction;amount;ammonia;removal;phosphate;production;process;content;manure;reduction;struvite
treatment;system;wastewater;energy;cost;systems;water;nutrients;chemical;process;technologies;plant
activated;sludge;systems;chemical;use;energy;cost;organic;removal;potential;high;environmental
stage;development;digestion;system;chemical;costs;years;research;agricultural;systems;information;water
water;environment;management;systems;resource;environmental;development;research;years;project;global;information
