anaerobic;digestion;digestates;liquors;enhancement;employs;multistage;organisation;treatment;compliant;bioconversion;entails
nutrient;recovery;september;knowledge;energy;removal;potential;biosolids;drivers;advance;economics;technologies
resource;recovery;knowledge;nutrient;september;biosolids;state;enabling;evaluation;advance;challenges;management
wastewater;treatment;waste;operating;biogas;enhanced;fitec;thickened;plants;nine;activated;sewage
acid;digest;organic;philic;thermo;sent;thermophilic;digestible;feedstock;returned;occurs;methanogenesis
organic;acid;digest;philic;sent;thermophilic;thermo;returned;feedstock;digestible;temperature;production
reaction;tank;inlet;embodiments;tapered;intake;upstream;clarifying;path;upwardly;located;stepwise
full;scale;demonstration;developed;called;operated;parameters;north;study;different;laboratory;stuttgart
digestates;anaerobic;digestion;liquors;enhancement;multistage;organisation;employs;treatment;compliant;bioconversion;multi
enabling;future;state;resource;current;role;programs;opportunities;approach;report;program;organics
future;advancing;resource;enabling;state;research;brown;programs;regulatory;sequestration;role;references
treatment;digestates;enhancement;organisation;compliant;post;multi;liquors;multistage;digester;digestion;mesophilic
carbon;dioxide;footprint;soil;total;clean;measured;nitrogen;released;reduced;causing;less
advancing;resource;enabling;future;state;research;brown;programs;role;regulatory;references;sequestration
cross;section;flow;reactor;pearl;clarifying;airprex;struvia;illustrates;elevation;distributor;schematic
solid;liquid;separation;fraction;device;fractions;processing;digestate;liquids;transferring;digester;whole
enhancement;treatment;organisation;post;multi;digestates;compliant;mesophilic;condition;digester;multistage;bioconversion
digested;sludge;dewatering;liquor;wastes;prior;generated;animal;secondary;produced;dewatered;municipal
sewage;sludge;primary;plants;sludges;municipal;feedstocks;enhanced;ltrate;biological;feedstock;plant
liquid;separation;fraction;solid;device;fractions;processing;digestate;liquids;transferring;whole;normally
calcined;calcite;precipitated;acids;left;fatty;phos;phosphates;volatile;exchangers;matter;digests
digestate;processing;waste;fractions;biogas;whole;enhanced;slurries;mesophilic;primary;liquids;thermophilic
claim;wherein;comprising;effluent;operational;since;available;compost;equipment;direct;therefore;includes
forward;osmosis;membrane;elimelech;reverse;direct;electrodialysis;environ;permeate;desalination;technol;project
land;application;costs;products;agricultural;produce;streams;reuse;cost;markets;treat;suspended
organic;matter;thermo;philic;digestible;digest;acid;wastes;grit;rich;methanogenesis;high
reverse;osmosis;membrane;direct;elimelech;environ;permeate;interest;project;would;benefits;electrodialysis
reactor;tank;clarifying;section;fluid;distributor;reaction;sectional;flow;enter;elevation;inlet
according;claim;claims;method;comprises;hybrid;different;another;mixing;maintain;part;specifically
environ;technol;many;environmental;required;project;range;efficiency;agriculture;cycle;capacity;areas
method;according;comprises;claims;another;provides;mixing;flowing;hybrid;draw;downstream;different
data;available;general;described;several;additional;stuttgart;results;html;date;summary;regulation
knowledge;september;state;nutrient;biosolids;evaluation;challenges;enabling;management;advance;resources;source
state;knowledge;september;biosolids;enabling;challenges;future;nutrient;evaluation;management;approaches;approach
struvite;precipitation;molar;naoh;crystallisation;compound;orthophosphate;stoichiometric;hydroxide;adjustment;anhydrous;piekema
fuchs;drosg;source;material;composting;dried;regulations;however;well;drying;filter;partial
carbon;footprint;soil;availability;increases;less;small;measured;large;agriculture;sampling;higher
liquid;fraction;separation;solid;device;fractions;processing;digestate;liquids;transferring;whole;normally
recycling;path;diffusers;velocity;rate;sections;recycle;outlet;response;zone;example;manifold
alexandria;virginia;grow;particles;programs;public;better;sizes;november;commercial;support;like
extractive;nutrient;state;knowledge;enabling;future;september;resource;current;approach;werf;federation
ease;commissioning;operation;naoh;molar;crystallisation;safety;opex;caustic;sheet;configuration;metering
flow;distributor;budenheim;site;stuttgarter;airprex;reactor;struvia;gifhorn;illustrates;offenburg;fluid
treatment;system;plant;plants;operating;enhanced;biogas;wastewater;thickened;springs;primary;aerobic
resistance;abrasives;liquors;digestates;digestion;reliability;anaerobic;none;enhancement;organisation;employs;compliant
activated;sludge;sewage;primary;waste;enhanced;biogas;operating;thickened;plants;feedstocks;slurries
stage;development;number;germany;performance;cell;britton;west;report;membr;netherlands;elements
suppliers;reference;development;several;additional;results;date;regulation;obtained;fertilizer;regulatory;particles
water;environment;could;reduction;limited;surface;increased;treated;sustainable;disposal;well;applications
